{
  "satellites": [
    {"name": "Phobos"},
    {"name": "Deimos"},
    {"name": "Umbriel"},
    {"name": "Titania"},
    {"name": "Oberon"}
  ],
  "data": {
    "id": "mars",
    "name": "Mars",
    "description": "Mars is the fourth planet from the Sun and the second-smallest planet in the Solar System after Mercury. In English, Mars carries a name of the Roman god of war and is often referred to as the 'Red Planet'.",
    "img_url": "https://upload.wikimedia.org/wikipedia/commons/thumb/0/02/OSIRIS_Mars_true_color.jpg/220px-OSIRIS_Mars_true_color.jpg",
    "link": "https://en.wikipedia.org/wiki/Mars"
  }
}