{
  "satellites": [
    {"name": "Charon"},
    {"name": "Styx"},
    {"name": "Nix"},
    {"name": "Kerberos"},
    {"name": "Hydra"}
  ],
  "data": {
    "id": "pluto",
    "name": "Pluto",
    "description": "Pluto (minor planet designation: 134340 Pluto) is a dwarf planet in the Kuiper belt, a ring of bodies beyond Neptune. It was the first Kuiper belt object to be discovered and is the largest known plutoid (or ice dwarf).",
    "img_url": "https://upload.wikimedia.org/wikipedia/commons/thumb/e/ef/Pluto_in_True_Color_-_High-Res.jpg/280px-Pluto_in_True_Color_-_High-Res.jpg",
    "link": "https://en.wikipedia.org/wiki/Pluto"
  }
}